,subjectkey
9296,NDAR_INVRXN9H1J6
11700,NDAR_INVZGDMXH98
3424,NDAR_INV93DMBG2D
2675,NDAR_INV72Z70LY1
1479,NDAR_INV3XNH8EYM
10868,NDAR_INVX6BE06VZ
2518,NDAR_INV6L7B1GX3
8709,NDAR_INVPDW73ZHF
9812,NDAR_INVUAYNYWT7
5951,NDAR_INVFZ7B9KJ8
7187,NDAR_INVK832EFEE
2191,NDAR_INV5U9JTZ3X
10836,NDAR_INVX3ZLE0DN
3611,NDAR_INV9KX83G7Z
7955,NDAR_INVM9VTUE2G
5906,NDAR_INVFVXF1HTH
5970,NDAR_INVG0E0L3HV
5935,NDAR_INVFY31ZKY7
11390,NDAR_INVYHRM6MHF
9926,NDAR_INVULJ63ZZK
8044,NDAR_INVMJTPRDKA
7739,NDAR_INVLN9JCZ56
4176,NDAR_INVB349E4D3
11274,NDAR_INVY6XXVZT3
2112,NDAR_INV5K67LYGB
10996,NDAR_INVXHXZ933C
1657,NDAR_INV4C8YJ9BG
4561,NDAR_INVC624EF1K
8506,NDAR_INVNVZEHYV5
428,NDAR_INV1306ZGW1
6296,NDAR_INVGXCZ2ELG
1930,NDAR_INV52XG9LJ3
9803,NDAR_INVU9VKB2N8
2852,NDAR_INV7L2M29CY
4824,NDAR_INVCX9VNMT6
2911,NDAR_INV7RGX9G26
10851,NDAR_INVX5326K7A
2887,NDAR_INV7NVJNHRE
8839,NDAR_INVPRNEYMH1
10335,NDAR_INVVM0UX0L1
11720,NDAR_INVZJDPXX7G
9441,NDAR_INVTANY2ML3
4258,NDAR_INVBB9X243N
7190,NDAR_INVK86BCPMG
8996,NDAR_INVR62PJ1EJ
8305,NDAR_INVN9D4XZKE
3536,NDAR_INV9D6W29Z7
9778,NDAR_INVU7VVFRJX
5379,NDAR_INVEDF5950W
1211,NDAR_INV36E4JVZ2
7275,NDAR_INVKFUY5YHC
2817,NDAR_INV7H3FYUBB
7483,NDAR_INVL124KUNM
4167,NDAR_INVB2FVBDTD
5099,NDAR_INVDLR8T512
5279,NDAR_INVE56GMC5F
11182,NDAR_INVXZRDA6CJ
6905,NDAR_INVJHYBD2XK
6787,NDAR_INVJ7L6EW0J
